video_file,frame,track_id,x1,y1,x2,y2,lat,lon,image_path
DJI_0460.MP4,1,1,1927,1162,2759,2140,17.133808,78.212016,outputFolder/unique_images/plant_1_lon_78.212016_lat_17.133808.jpg
DJI_0460.MP4,2,1,1928,1164,2757,2139,17.133808,78.212016,
DJI_0460.MP4,3,1,1928,1163,2757,2138,17.133808,78.212016,
DJI_0460.MP4,4,1,1932,1164,2759,2138,17.133808,78.212016,
DJI_0460.MP4,5,1,1965,1221,2746,2136,17.133808,78.212016,
DJI_0460.MP4,6,1,1979,1241,2746,2135,17.133808,78.212016,
DJI_0460.MP4,7,1,1982,1247,2747,2134,17.133808,78.212016,
DJI_0460.MP4,8,1,1975,1241,2749,2133,17.133808,78.212016,
DJI_0460.MP4,9,1,1940,1181,2765,2135,17.133808,78.212016,
DJI_0460.MP4,10,1,1947,1214,2749,2134,17.133808,78.212016,
DJI_0460.MP4,11,1,1926,1166,2766,2135,17.133808,78.212016,
DJI_0460.MP4,12,1,1925,1152,2772,2136,17.133808,78.212016,
DJI_0460.MP4,13,1,1927,1143,2776,2137,17.133808,78.212016,
DJI_0460.MP4,14,1,1934,1147,2776,2137,17.133808,78.212016,
DJI_0460.MP4,15,1,1967,1212,2762,2137,17.133808,78.212016,
DJI_0460.MP4,16,1,1951,1175,2775,2138,17.133808,78.212016,
DJI_0460.MP4,17,1,1965,1223,2758,2138,17.133808,78.212016,
DJI_0460.MP4,18,1,1966,1239,2754,2137,17.133808,78.212016,
DJI_0460.MP4,19,1,1944,1192,2769,2138,17.133808,78.212016,
DJI_0460.MP4,20,1,1963,1232,2763,2138,17.133808,78.212016,
DJI_0460.MP4,21,1,1972,1247,2765,2138,17.133808,78.212016,
DJI_0460.MP4,22,1,1982,1252,2774,2137,17.133808,78.212016,
DJI_0460.MP4,23,1,1954,1198,2787,2137,17.133808,78.212016,
DJI_0460.MP4,24,1,1967,1237,2775,2138,17.133808,78.212016,
DJI_0460.MP4,25,1,1966,1250,2768,2138,17.133808,78.212016,
DJI_0460.MP4,26,1,1928,1199,2769,2137,17.133808,78.212016,
DJI_0460.MP4,27,1,1919,1181,2772,2137,17.133808,78.212016,
DJI_0460.MP4,28,1,1905,1171,2764,2137,17.133808,78.212016,
DJI_0460.MP4,29,1,1903,1163,2765,2137,17.133808,78.212016,
DJI_0460.MP4,30,1,1907,1160,2766,2137,17.133808,78.212016,
DJI_0460.MP4,31,1,1910,1157,2768,2137,17.133808,78.212016,
DJI_0460.MP4,32,1,1914,1147,2775,2138,17.133808,78.212016,
DJI_0460.MP4,33,1,1918,1144,2776,2137,17.133808,78.212016,
DJI_0460.MP4,34,1,1921,1144,2774,2137,17.133808,78.212016,
DJI_0460.MP4,35,1,1921,1131,2779,2138,17.133808,78.212016,
DJI_0460.MP4,36,1,1924,1136,2776,2138,17.133808,78.212016,
DJI_0460.MP4,37,1,1950,1204,2755,2138,17.133808,78.212016,
DJI_0460.MP4,38,1,1935,1186,2757,2138,17.133808,78.212016,
DJI_0460.MP4,39,1,1926,1177,2758,2138,17.133808,78.212016,
DJI_0460.MP4,40,1,1917,1171,2756,2138,17.133808,78.212016,
DJI_0460.MP4,41,1,1915,1163,2763,2138,17.133808,78.212016,
DJI_0460.MP4,42,1,1912,1165,2760,2138,17.133808,78.212016,
DJI_0460.MP4,43,1,1911,1160,2764,2138,17.133808,78.212016,
DJI_0460.MP4,44,1,1926,1206,2752,2137,17.133809,78.212016,
DJI_0460.MP4,45,1,1930,1229,2748,2138,17.133809,78.212016,
DJI_0460.MP4,46,1,1924,1230,2749,2137,17.133809,78.212016,
DJI_0460.MP4,47,1,1916,1229,2752,2137,17.133809,78.212016,
DJI_0460.MP4,48,1,1909,1232,2752,2138,17.133809,78.212016,
DJI_0460.MP4,49,1,1905,1230,2757,2137,17.133809,78.212016,
DJI_0460.MP4,50,1,1905,1233,2762,2138,17.133809,78.212016,
DJI_0460.MP4,51,1,1897,1231,2766,2138,17.133809,78.212016,
DJI_0460.MP4,52,1,1896,1232,2770,2138,17.133809,78.212016,
DJI_0460.MP4,53,1,1901,1231,2777,2136,17.133809,78.212016,
DJI_0460.MP4,54,1,1875,1174,2792,2135,17.133809,78.212016,
DJI_0460.MP4,55,1,1870,1149,2799,2135,17.133809,78.212016,
DJI_0460.MP4,56,1,1866,1143,2791,2134,17.133809,78.212016,
DJI_0460.MP4,57,1,1867,1139,2788,2135,17.133809,78.212016,
DJI_0460.MP4,58,1,1865,1121,2793,2135,17.133809,78.212016,
DJI_0460.MP4,59,1,1867,1117,2791,2135,17.133809,78.212016,
DJI_0460.MP4,60,1,1897,1161,2780,2132,17.133809,78.212016,
DJI_0460.MP4,61,1,1895,1153,2781,2134,17.133809,78.212016,
DJI_0460.MP4,62,1,1896,1153,2777,2134,17.133809,78.212016,
DJI_0460.MP4,63,1,1904,1158,2775,2135,17.133809,78.212016,
DJI_0460.MP4,64,1,1903,1160,2769,2136,17.133809,78.212016,
DJI_0460.MP4,65,1,1903,1159,2765,2136,17.133809,78.212016,
DJI_0460.MP4,66,1,1925,1205,2757,2136,17.133809,78.212016,
DJI_0460.MP4,67,1,1940,1222,2763,2137,17.133809,78.212016,
DJI_0460.MP4,68,1,1946,1227,2767,2136,17.133809,78.212016,
DJI_0460.MP4,69,1,1943,1224,2768,2135,17.133809,78.212016,
DJI_0460.MP4,70,1,1931,1218,2765,2135,17.133809,78.212016,
DJI_0460.MP4,71,1,1907,1174,2775,2135,17.133809,78.212016,
DJI_0460.MP4,72,1,1886,1161,2768,2136,17.133809,78.212016,
DJI_0460.MP4,73,1,1880,1139,2774,2134,17.133809,78.212016,
DJI_0460.MP4,74,1,1902,1168,2770,2130,17.133809,78.212016,
DJI_0460.MP4,75,1,1908,1179,2768,2127,17.133809,78.212016,
DJI_0460.MP4,76,1,1917,1193,2767,2125,17.133809,78.212016,
DJI_0460.MP4,77,1,1919,1203,2766,2128,17.133809,78.212016,
DJI_0460.MP4,78,1,1917,1204,2768,2127,17.133809,78.212016,
DJI_0460.MP4,79,1,1912,1200,2770,2127,17.133809,78.212016,
DJI_0460.MP4,80,1,1909,1195,2773,2126,17.133809,78.212017,
DJI_0460.MP4,81,1,1904,1185,2777,2125,17.133809,78.212017,
DJI_0460.MP4,82,1,1898,1182,2778,2124,17.133809,78.212017,
DJI_0460.MP4,83,1,1895,1166,2788,2121,17.133809,78.212017,
DJI_0460.MP4,84,1,1881,1137,2799,2128,17.133809,78.212017,
DJI_0460.MP4,85,1,1890,1159,2788,2125,17.133809,78.212017,
DJI_0460.MP4,86,1,1894,1168,2785,2124,17.133809,78.212017,
DJI_0460.MP4,87,1,1891,1169,2783,2123,17.133809,78.212017,
DJI_0460.MP4,88,1,1887,1171,2780,2123,17.133809,78.212017,
DJI_0460.MP4,89,1,1884,1172,2779,2123,17.133809,78.212017,
DJI_0460.MP4,90,1,1888,1180,2778,2123,17.133809,78.212017,
DJI_0460.MP4,91,1,1892,1181,2782,2123,17.133809,78.212017,
DJI_0460.MP4,92,1,1901,1199,2779,2127,17.133809,78.212017,
DJI_0460.MP4,93,1,1908,1210,2780,2129,17.133809,78.212017,
DJI_0460.MP4,94,1,1909,1207,2785,2127,17.133809,78.212017,
DJI_0460.MP4,95,1,1904,1198,2790,2127,17.133809,78.212017,
DJI_0460.MP4,96,1,1898,1189,2793,2127,17.133809,78.212017,
DJI_0460.MP4,97,1,1884,1146,2810,2130,17.133809,78.212017,
DJI_0460.MP4,98,1,1875,1124,2813,2130,17.133809,78.212016,
DJI_0460.MP4,99,1,1878,1130,2803,2132,17.133809,78.212016,
DJI_0460.MP4,100,1,1882,1135,2796,2132,17.133809,78.212016,
DJI_0460.MP4,101,1,1886,1132,2796,2132,17.133809,78.212016,
DJI_0460.MP4,102,1,1894,1136,2793,2134,17.133809,78.212016,
DJI_0460.MP4,103,1,1921,1189,2777,2134,17.133809,78.212016,
DJI_0460.MP4,104,1,1939,1214,2775,2133,17.133809,78.212016,
DJI_0460.MP4,105,1,1938,1218,2773,2132,17.133809,78.212016,
DJI_0460.MP4,106,1,1926,1215,2768,2132,17.133809,78.212016,
DJI_0460.MP4,107,1,1930,1233,2763,2134,17.133809,78.212016,
DJI_0460.MP4,108,1,1941,1198,2799,2135,17.133809,78.212016,
DJI_0460.MP4,109,1,1945,1226,2780,2133,17.133809,78.212016,
DJI_0460.MP4,110,1,1946,1236,2775,2132,17.133809,78.212016,
DJI_0460.MP4,111,1,1938,1231,2773,2132,17.133809,78.212016,
DJI_0460.MP4,112,1,1927,1215,2778,2131,17.133809,78.212016,
DJI_0460.MP4,113,1,1919,1206,2778,2130,17.133809,78.212016,
DJI_0460.MP4,114,1,1914,1210,2769,2129,17.133809,78.212016,
DJI_0460.MP4,115,1,1916,1221,2765,2129,17.133809,78.212016,
DJI_0460.MP4,116,1,1887,1173,2777,2131,17.133809,78.212016,
DJI_0460.MP4,117,1,1880,1163,2775,2133,17.133809,78.212016,
DJI_0460.MP4,118,1,1878,1157,2775,2133,17.133809,78.212016,
DJI_0460.MP4,119,1,1874,1147,2776,2134,17.133809,78.212016,
DJI_0460.MP4,120,1,1879,1149,2775,2135,17.133809,78.212016,
DJI_0460.MP4,121,1,1898,1193,2761,2133,17.133809,78.212016,
DJI_0460.MP4,122,1,1877,1159,2771,2135,17.133809,78.212016,
DJI_0460.MP4,123,1,1879,1149,2778,2136,17.133809,78.212016,
DJI_0460.MP4,124,1,1886,1187,2759,2136,17.133809,78.212016,
DJI_0460.MP4,125,1,1904,1190,2770,2132,17.133809,78.212016,
DJI_0460.MP4,126,1,1913,1202,2769,2133,17.133809,78.212016,
DJI_0460.MP4,127,1,1914,1195,2775,2136,17.133809,78.212016,
DJI_0460.MP4,128,1,1909,1214,2759,2137,17.133809,78.212016,
DJI_0460.MP4,129,1,1903,1210,2761,2140,17.133809,78.212016,
DJI_0460.MP4,130,1,1894,1179,2776,2139,17.133809,78.212016,
DJI_0460.MP4,131,1,1875,1164,2772,2140,17.133809,78.212016,
DJI_0460.MP4,132,1,1843,1110,2786,2139,17.133809,78.212016,
DJI_0460.MP4,133,1,1813,1117,2754,2140,17.133809,78.212016,
DJI_0460.MP4,134,1,1828,1149,2747,2140,17.133809,78.212016,
DJI_0460.MP4,135,1,1839,1167,2747,2139,17.133809,78.212016,
DJI_0460.MP4,136,1,1868,1203,2746,2137,17.133809,78.212016,
DJI_0460.MP4,137,1,1870,1210,2748,2137,17.133809,78.212016,
DJI_0460.MP4,138,1,1877,1209,2759,2138,17.133809,78.212016,
DJI_0460.MP4,139,1,1885,1234,2750,2140,17.133809,78.212016,
DJI_0460.MP4,140,1,1883,1233,2751,2141,17.133809,78.212016,
DJI_0460.MP4,141,1,1871,1230,2747,2141,17.133809,78.212016,
DJI_0460.MP4,142,1,1820,1186,2735,2139,17.133809,78.212016,
DJI_0460.MP4,143,1,1794,1135,2754,2137,17.133809,78.212016,
DJI_0460.MP4,144,1,1831,1168,2760,2136,17.133809,78.212016,
DJI_0460.MP4,145,1,1860,1188,2767,2135,17.133809,78.212016,
DJI_0460.MP4,146,1,1864,1190,2769,2134,17.133809,78.212016,
DJI_0460.MP4,147,1,1863,1187,2769,2135,17.133809,78.212016,
DJI_0460.MP4,148,1,1853,1173,2770,2134,17.133809,78.212016,
DJI_0460.MP4,149,1,1813,1140,2760,2137,17.133809,78.212016,
DJI_0460.MP4,150,1,1817,1122,2776,2136,17.133809,78.212016,
DJI_0460.MP4,151,1,1803,1108,2773,2137,17.133809,78.212016,
DJI_0460.MP4,152,1,1801,1101,2776,2137,17.133809,78.212016,
DJI_0460.MP4,153,1,1829,1127,2774,2132,17.133809,78.212016,
DJI_0460.MP4,154,1,1812,1126,2760,2133,17.133809,78.212016,
DJI_0460.MP4,155,1,1804,1129,2749,2135,17.133809,78.212016,
DJI_0460.MP4,156,1,1793,1122,2745,2135,17.133809,78.212016,
DJI_0460.MP4,157,1,1781,1099,2751,2135,17.133809,78.212016,
DJI_0460.MP4,158,1,1806,1105,2766,2133,17.133809,78.212016,
DJI_0460.MP4,159,1,1819,1101,2774,2130,17.133809,78.212016,
DJI_0460.MP4,160,1,1838,1120,2771,2128,17.133809,78.212016,
DJI_0460.MP4,161,1,1852,1127,2773,2128,17.133809,78.212016,
DJI_0460.MP4,162,1,1864,1127,2779,2127,17.133809,78.212016,
DJI_0460.MP4,163,1,1871,1114,2791,2127,17.133809,78.212016,
DJI_0460.MP4,164,1,1863,1101,2789,2125,17.133809,78.212016,
DJI_0460.MP4,165,1,1845,1094,2775,2123,17.133809,78.212016,
DJI_0460.MP4,166,1,1831,1094,2763,2123,17.133809,78.212016,
DJI_0460.MP4,167,1,1831,1097,2762,2124,17.133809,78.212016,
DJI_0460.MP4,168,1,1844,1123,2756,2126,17.133809,78.212016,
DJI_0460.MP4,169,1,1848,1140,2752,2132,17.133809,78.212016,
DJI_0460.MP4,170,1,1853,1152,2750,2134,17.133809,78.212016,
DJI_0460.MP4,171,1,1858,1159,2750,2135,17.133809,78.212016,
DJI_0460.MP4,172,1,1863,1167,2749,2134,17.133809,78.212016,
DJI_0460.MP4,173,1,1859,1152,2757,2132,17.133809,78.212016,
DJI_0460.MP4,174,1,1857,1132,2772,2134,17.133809,78.212016,
DJI_0460.MP4,175,1,1854,1136,2766,2135,17.133809,78.212016,
DJI_0460.MP4,176,1,1848,1143,2757,2136,17.133809,78.212016,
DJI_0460.MP4,177,1,1853,1150,2758,2137,17.133809,78.212016,
DJI_0460.MP4,178,1,1846,1141,2762,2136,17.133809,78.212016,
DJI_0460.MP4,179,1,1837,1130,2763,2135,17.133809,78.212016,
DJI_0460.MP4,180,1,1817,1115,2761,2139,17.133809,78.212016,
DJI_0460.MP4,181,1,1829,1150,2746,2137,17.133809,78.212016,
DJI_0460.MP4,182,1,1846,1174,2744,2137,17.133809,78.212016,
DJI_0460.MP4,183,1,1836,1175,2740,2135,17.133809,78.212016,
DJI_0460.MP4,184,1,1830,1174,2741,2135,17.133809,78.212016,
DJI_0460.MP4,185,1,1814,1161,2742,2138,17.133809,78.212016,
DJI_0460.MP4,186,1,1807,1178,2728,2141,17.133809,78.212016,
DJI_0460.MP4,192,1,1844,1189,2756,2139,17.133809,78.212016,
DJI_0460.MP4,193,1,1870,1193,2773,2138,17.133809,78.212016,
DJI_0460.MP4,194,1,1872,1204,2765,2139,17.133809,78.212016,
DJI_0460.MP4,195,1,1883,1213,2769,2139,17.133809,78.212016,
DJI_0460.MP4,196,1,1884,1214,2769,2138,17.133809,78.212016,
DJI_0460.MP4,197,1,1850,1187,2764,2139,17.133809,78.212016,
DJI_0460.MP4,198,1,1817,1157,2761,2139,17.133809,78.212016,
DJI_0460.MP4,199,1,1817,1174,2751,2140,17.133809,78.212016,
DJI_0460.MP4,200,1,1792,1148,2753,2140,17.133809,78.212016,
DJI_0460.MP4,201,1,1811,1162,2760,2138,17.133809,78.212016,
DJI_0460.MP4,202,1,1836,1188,2762,2138,17.133809,78.212016,
DJI_0460.MP4,203,1,1838,1187,2763,2138,17.133809,78.212016,
DJI_0460.MP4,204,1,1837,1161,2776,2136,17.133809,78.212016,
DJI_0460.MP4,205,1,1823,1138,2776,2131,17.133809,78.212016,
DJI_0460.MP4,206,1,1832,1110,2799,2127,17.133809,78.212016,
DJI_0460.MP4,207,1,1846,1105,2806,2124,17.133809,78.212016,
DJI_0460.MP4,208,1,1847,1132,2783,2132,17.133809,78.212016,
DJI_0460.MP4,209,1,1827,1142,2754,2134,17.133809,78.212016,
DJI_0460.MP4,210,1,1839,1157,2751,2132,17.133809,78.212016,
DJI_0460.MP4,211,1,1846,1152,2762,2130,17.133809,78.212016,
DJI_0460.MP4,212,1,1836,1116,2779,2131,17.133809,78.212016,
DJI_0460.MP4,213,1,1831,1120,2771,2134,17.133809,78.212016,
DJI_0460.MP4,214,1,1819,1132,2752,2136,17.133809,78.212016,
DJI_0460.MP4,215,1,1804,1153,2720,2136,17.133809,78.212016,
DJI_0460.MP4,216,1,1790,1149,2713,2136,17.133809,78.212016,
DJI_0460.MP4,217,1,1807,1123,2750,2133,17.133809,78.212016,
DJI_0460.MP4,218,1,1834,1135,2763,2133,17.133809,78.212017,
DJI_0460.MP4,219,1,1844,1135,2767,2130,17.133809,78.212017,
DJI_0460.MP4,220,1,1837,1135,2758,2127,17.133809,78.212017,
DJI_0460.MP4,221,1,1830,1137,2748,2124,17.133809,78.212017,
DJI_0460.MP4,222,1,1838,1147,2750,2125,17.133809,78.212017,
DJI_0460.MP4,223,1,1842,1122,2774,2125,17.133809,78.212017,
DJI_0460.MP4,224,1,1828,1084,2792,2128,17.133809,78.212017,
DJI_0460.MP4,225,1,1828,1090,2784,2127,17.133809,78.212017,
DJI_0460.MP4,226,1,1836,1107,2775,2126,17.133809,78.212017,
DJI_0460.MP4,227,1,1845,1133,2762,2126,17.133809,78.212017,
DJI_0460.MP4,228,1,1855,1149,2760,2127,17.133809,78.212017,
DJI_0460.MP4,229,1,1860,1155,2761,2129,17.133809,78.212017,
DJI_0460.MP4,230,1,1867,1161,2764,2129,17.133809,78.212017,
DJI_0460.MP4,231,1,1873,1168,2763,2128,17.133809,78.212017,
DJI_0460.MP4,232,1,1856,1143,2768,2125,17.133809,78.212017,
DJI_0460.MP4,233,1,1834,1104,2780,2124,17.133809,78.212017,
DJI_0460.MP4,234,1,1831,1104,2777,2127,17.133809,78.212017,
DJI_0460.MP4,235,1,1812,1089,2772,2130,17.133809,78.212017,
DJI_0460.MP4,236,1,1820,1103,2767,2129,17.133809,78.212016,
DJI_0460.MP4,237,1,1823,1123,2756,2130,17.133809,78.212016,
DJI_0460.MP4,238,1,1806,1101,2763,2134,17.133809,78.212016,
DJI_0460.MP4,239,1,1816,1105,2771,2134,17.133809,78.212016,
DJI_0460.MP4,240,1,1822,1111,2772,2135,17.133809,78.212016,
DJI_0460.MP4,241,1,1848,1155,2761,2136,17.133809,78.212016,
DJI_0460.MP4,242,1,1849,1167,2751,2131,17.133809,78.212016,
DJI_0460.MP4,243,1,1853,1137,2780,2130,17.133809,78.212016,
DJI_0460.MP4,244,1,1877,1155,2783,2128,17.133809,78.212016,
DJI_0460.MP4,245,1,1876,1166,2771,2128,17.133809,78.212016,
DJI_0460.MP4,246,1,1861,1156,2769,2130,17.133809,78.212016,
DJI_0460.MP4,247,1,1853,1185,2744,2132,17.133809,78.212016,
DJI_0460.MP4,248,1,1853,1162,2765,2134,17.133809,78.212016,
DJI_0460.MP4,249,1,1842,1142,2773,2134,17.133809,78.212016,
DJI_0460.MP4,250,1,1841,1161,2759,2137,17.133809,78.212016,
DJI_0460.MP4,251,1,1850,1177,2755,2136,17.133809,78.212016,
DJI_0460.MP4,252,1,1852,1188,2750,2136,17.133809,78.212016,
DJI_0460.MP4,253,1,1849,1209,2739,2139,17.133809,78.212016,
DJI_0460.MP4,254,1,1836,1181,2755,2141,17.13381,78.212016,
DJI_0460.MP4,255,1,1802,1146,2755,2142,17.13381,78.212016,
DJI_0460.MP4,256,1,1835,1166,2765,2140,17.13381,78.212016,
DJI_0460.MP4,257,1,1845,1217,2733,2140,17.13381,78.212016,
DJI_0460.MP4,258,1,1843,1197,2748,2139,17.13381,78.212016,
DJI_0460.MP4,259,1,1852,1195,2764,2140,17.13381,78.212016,
DJI_0460.MP4,260,1,1809,1163,2748,2141,17.13381,78.212016,
DJI_0460.MP4,261,1,1777,1105,2763,2140,17.13381,78.212016,
DJI_0460.MP4,262,1,1789,1129,2754,2140,17.13381,78.212016,
DJI_0460.MP4,263,1,1796,1158,2735,2140,17.13381,78.212016,
DJI_0460.MP4,264,1,1808,1176,2732,2142,17.13381,78.212016,
DJI_0460.MP4,265,1,1820,1207,2719,2142,17.13381,78.212016,
DJI_0460.MP4,266,1,1844,1200,2740,2140,17.13381,78.212015,
DJI_0460.MP4,267,1,1867,1211,2749,2139,17.13381,78.212015,
DJI_0460.MP4,268,1,1872,1222,2743,2140,17.13381,78.212015,
DJI_0460.MP4,269,1,1872,1229,2735,2139,17.13381,78.212015,
DJI_0460.MP4,270,1,1867,1263,2706,2138,17.13381,78.212015,
DJI_0460.MP4,275,1,1886,1251,2737,2136,17.13381,78.212015,
DJI_0460.MP4,276,1,1913,1282,2738,2137,17.13381,78.212015,
DJI_0460.MP4,277,1,1911,1298,2729,2137,17.13381,78.212015,
DJI_0460.MP4,278,1,1908,1313,2718,2139,17.13381,78.212014,
DJI_0460.MP4,279,1,1890,1312,2712,2140,17.13381,78.212014,
DJI_0460.MP4,282,1,1908,1340,2716,2142,17.13381,78.212014,
DJI_0460.MP4,283,1,1893,1348,2708,2144,17.13381,78.212014,
DJI_0460.MP4,375,2,2139,20,2968,508,17.133816,78.211994,outputFolder/unique_images/plant_2_lon_78.211994_lat_17.133816.jpg
DJI_0460.MP4,376,2,2121,18,2996,532,17.133816,78.211994,
DJI_0460.MP4,377,2,2090,10,3000,545,17.133816,78.211994,
DJI_0460.MP4,378,2,2076,20,3049,594,17.133816,78.211994,
DJI_0460.MP4,379,2,2051,23,3049,616,17.133816,78.211994,
DJI_0460.MP4,380,2,2020,17,3044,631,17.133816,78.211994,
DJI_0460.MP4,381,2,2013,22,3080,670,17.133817,78.211992,
DJI_0460.MP4,382,2,2007,24,3094,696,17.133817,78.211992,
DJI_0460.MP4,383,2,2012,21,3107,707,17.133817,78.211992,
DJI_0460.MP4,384,2,1979,16,3107,731,17.133817,78.211992,
DJI_0460.MP4,385,2,1962,14,3118,761,17.133817,78.211992,
DJI_0460.MP4,386,2,1942,10,3126,789,17.133818,78.21199,
DJI_0460.MP4,387,2,1940,11,3121,802,17.133818,78.21199,
DJI_0460.MP4,388,2,1932,6,3145,838,17.133818,78.21199,
DJI_0460.MP4,389,2,1938,11,3165,862,17.133818,78.21199,
DJI_0460.MP4,390,2,1898,13,3150,896,17.133818,78.21199,
DJI_0460.MP4,391,2,1872,14,3147,929,17.133818,78.21199,
DJI_0460.MP4,392,2,1879,15,3182,960,17.133818,78.211988,
DJI_0460.MP4,393,2,1873,23,3182,988,17.133818,78.211988,
DJI_0460.MP4,394,2,1871,21,3193,1011,17.133818,78.211988,
DJI_0460.MP4,395,2,1925,23,3256,1026,17.133818,78.211988,
DJI_0460.MP4,396,2,1935,24,3311,1061,17.133818,78.211988,
DJI_0460.MP4,397,2,1949,27,3353,1091,17.133818,78.211988,
DJI_0460.MP4,398,2,1975,26,3389,1101,17.133818,78.211988,
DJI_0460.MP4,399,2,1959,27,3400,1130,17.133818,78.211986,
DJI_0460.MP4,400,2,1989,27,3455,1148,17.133818,78.211986,
DJI_0460.MP4,401,2,1945,25,3418,1159,17.133818,78.211986,
DJI_0460.MP4,402,2,1916,23,3442,1206,17.133818,78.211986,
DJI_0460.MP4,403,2,1893,18,3442,1229,17.133818,78.211986,
DJI_0460.MP4,404,2,1919,19,3509,1268,17.133818,78.211986,
DJI_0460.MP4,405,2,1900,18,3518,1297,17.133819,78.211985,
DJI_0460.MP4,406,2,1906,18,3544,1325,17.133819,78.211985,
DJI_0460.MP4,407,2,1929,18,3576,1341,17.133819,78.211985,
DJI_0460.MP4,408,2,1905,22,3579,1378,17.133819,78.211985,
DJI_0460.MP4,409,2,1866,18,3611,1453,17.133819,78.211985,
DJI_0460.MP4,410,2,1877,26,3579,1435,17.133819,78.211985,
DJI_0460.MP4,411,2,1883,33,3551,1425,17.133819,78.211984,
DJI_0460.MP4,412,2,1890,31,3574,1445,17.133819,78.211984,
DJI_0460.MP4,413,2,1878,35,3563,1466,17.133819,78.211984,
DJI_0460.MP4,414,2,1851,33,3565,1501,17.133819,78.211984,
DJI_0460.MP4,415,2,1809,43,3528,1534,17.133819,78.211984,
DJI_0460.MP4,416,2,1807,43,3544,1567,17.133819,78.211984,
DJI_0460.MP4,417,2,1819,47,3537,1566,17.133819,78.211983,
DJI_0460.MP4,418,2,1837,49,3568,1584,17.133819,78.211983,
DJI_0460.MP4,419,2,1797,34,3542,1598,17.133819,78.211983,
DJI_0460.MP4,420,2,1793,39,3516,1594,17.133819,78.211983,
DJI_0460.MP4,421,2,1805,38,3525,1603,17.133819,78.211983,
DJI_0460.MP4,422,2,1820,44,3558,1634,17.133819,78.211983,
DJI_0460.MP4,423,2,1813,59,3543,1657,17.133819,78.211983,
DJI_0460.MP4,424,2,1822,54,3538,1650,17.133819,78.211983,
DJI_0460.MP4,425,2,1833,42,3550,1645,17.133819,78.211983,
DJI_0460.MP4,426,2,1816,51,3528,1662,17.133819,78.211983,
DJI_0460.MP4,427,2,1805,57,3498,1666,17.133819,78.211983,
DJI_0460.MP4,428,2,1832,147,3411,1657,17.133819,78.211983,
DJI_0460.MP4,429,2,1771,106,3434,1706,17.133819,78.211983,
DJI_0460.MP4,430,2,1816,131,3436,1699,17.133819,78.211983,
DJI_0460.MP4,431,2,1837,176,3383,1682,17.133819,78.211983,
DJI_0460.MP4,432,2,1833,109,3438,1680,17.133819,78.211983,
DJI_0460.MP4,433,2,1828,110,3431,1685,17.133819,78.211983,
DJI_0460.MP4,434,2,1834,129,3419,1688,17.133819,78.211983,
DJI_0460.MP4,435,2,1816,106,3431,1699,17.133819,78.211983,
DJI_0460.MP4,436,2,1814,79,3428,1681,17.133819,78.211983,
DJI_0460.MP4,437,2,1829,69,3459,1688,17.133819,78.211983,
DJI_0460.MP4,438,2,1830,84,3450,1694,17.133819,78.211983,
DJI_0460.MP4,439,2,1832,80,3447,1693,17.133819,78.211983,
DJI_0460.MP4,440,2,1817,81,3427,1702,17.133819,78.211983,
DJI_0460.MP4,441,2,1813,84,3421,1710,17.133819,78.211983,
DJI_0460.MP4,442,2,1806,72,3428,1722,17.133819,78.211983,
DJI_0460.MP4,443,2,1825,79,3434,1717,17.133819,78.211983,
DJI_0460.MP4,444,2,1833,107,3397,1703,17.133819,78.211983,
DJI_0460.MP4,445,2,1834,114,3393,1711,17.133819,78.211983,
DJI_0460.MP4,446,2,1860,118,3408,1702,17.133819,78.211983,
DJI_0460.MP4,447,2,1861,115,3428,1711,17.133819,78.211983,
DJI_0460.MP4,448,2,1840,98,3427,1716,17.133819,78.211983,
DJI_0460.MP4,449,2,1825,83,3430,1724,17.133819,78.211983,
DJI_0460.MP4,450,2,1830,68,3463,1737,17.133819,78.211983,
DJI_0460.MP4,451,2,1831,74,3476,1756,17.133819,78.211983,
DJI_0460.MP4,452,2,1830,92,3449,1752,17.133819,78.211983,
DJI_0460.MP4,453,2,1837,82,3473,1757,17.133819,78.211983,
DJI_0460.MP4,454,2,1857,62,3503,1739,17.133819,78.211983,
DJI_0460.MP4,455,2,1862,64,3491,1718,17.133819,78.211983,
DJI_0460.MP4,456,2,1778,71,3394,1737,17.133819,78.211983,
DJI_0460.MP4,457,2,1799,61,3387,1708,17.133819,78.211983,
DJI_0460.MP4,458,2,1799,86,3368,1722,17.133819,78.211983,
DJI_0460.MP4,459,2,1822,75,3396,1715,17.133818,78.211983,
DJI_0460.MP4,460,2,1821,66,3411,1726,17.133818,78.211983,
DJI_0460.MP4,461,2,1836,81,3402,1715,17.133818,78.211983,
DJI_0460.MP4,462,2,1843,89,3389,1700,17.133818,78.211983,
DJI_0460.MP4,463,2,1856,159,3327,1695,17.133818,78.211983,
DJI_0460.MP4,464,2,1847,96,3405,1724,17.133818,78.211983,
DJI_0460.MP4,465,2,1858,76,3454,1741,17.133818,78.211983,
DJI_0460.MP4,466,2,1832,71,3425,1738,17.133818,78.211983,
DJI_0460.MP4,467,2,1845,81,3416,1722,17.133818,78.211983,
DJI_0460.MP4,468,2,1855,96,3415,1721,17.133818,78.211983,
DJI_0460.MP4,469,2,1868,91,3409,1692,17.133818,78.211983,
DJI_0460.MP4,470,2,1862,75,3413,1680,17.133818,78.211983,
DJI_0460.MP4,471,2,1844,77,3396,1675,17.133818,78.211983,
DJI_0460.MP4,472,2,1845,72,3409,1677,17.133818,78.211983,
DJI_0460.MP4,473,2,1860,96,3411,1678,17.133818,78.211983,
DJI_0460.MP4,474,2,1850,78,3427,1686,17.133818,78.211983,
DJI_0460.MP4,475,2,1840,64,3415,1672,17.133818,78.211983,
DJI_0460.MP4,476,2,1841,76,3416,1679,17.133818,78.211983,
DJI_0460.MP4,477,2,1832,62,3431,1696,17.133818,78.211983,
DJI_0460.MP4,478,2,1838,78,3393,1680,17.133818,78.211983,
DJI_0460.MP4,479,2,1862,65,3417,1665,17.133818,78.211983,
DJI_0460.MP4,480,2,1883,122,3398,1672,17.133818,78.211983,
DJI_0460.MP4,481,2,1835,119,3375,1706,17.133818,78.211983,
DJI_0460.MP4,482,2,1809,80,3349,1681,17.133818,78.211983,
DJI_0460.MP4,483,2,1865,167,3316,1679,17.133818,78.211983,
DJI_0460.MP4,484,2,1874,146,3345,1680,17.133818,78.211983,
DJI_0460.MP4,485,2,1861,107,3370,1682,17.133818,78.211983,
DJI_0460.MP4,486,2,1890,180,3330,1672,17.133818,78.211983,
DJI_0460.MP4,487,2,1885,183,3320,1661,17.133818,78.211983,
DJI_0460.MP4,488,2,1857,138,3344,1669,17.133818,78.211983,
DJI_0460.MP4,489,2,1829,95,3350,1669,17.133818,78.211983,
DJI_0460.MP4,490,2,1845,103,3349,1662,17.133818,78.211983,
DJI_0460.MP4,491,2,1906,205,3289,1614,17.133818,78.211983,
DJI_0460.MP4,492,2,1883,188,3299,1630,17.133818,78.211983,
DJI_0460.MP4,493,2,1874,94,3388,1629,17.133818,78.211983,
DJI_0460.MP4,494,2,1857,53,3450,1665,17.133818,78.211983,
DJI_0460.MP4,495,2,1856,55,3440,1666,17.133818,78.211983,
DJI_0460.MP4,496,2,1882,118,3390,1648,17.133818,78.211983,
DJI_0460.MP4,497,2,1842,131,3341,1660,17.133818,78.211983,
DJI_0460.MP4,498,2,1825,236,3175,1626,17.133818,78.211983,
DJI_0460.MP4,499,2,1859,100,3354,1626,17.133818,78.211983,
DJI_0460.MP4,500,2,1853,51,3387,1607,17.133818,78.211983,
DJI_0460.MP4,501,2,1859,35,3411,1602,17.133818,78.211983,
DJI_0460.MP4,502,2,1839,30,3389,1590,17.133818,78.211983,
DJI_0460.MP4,503,2,1877,116,3344,1575,17.133818,78.211983,
DJI_0460.MP4,504,2,1872,111,3377,1594,17.133818,78.211983,
DJI_0460.MP4,505,2,1843,73,3407,1608,17.133818,78.211983,
DJI_0460.MP4,506,2,1820,60,3399,1611,17.133818,78.211983,
DJI_0460.MP4,507,2,1803,38,3362,1570,17.133818,78.211983,
DJI_0460.MP4,508,2,1842,36,3420,1571,17.133818,78.211983,
DJI_0460.MP4,509,2,1823,25,3450,1601,17.133818,78.211983,
DJI_0460.MP4,510,2,1831,39,3419,1570,17.133818,78.211983,
DJI_0460.MP4,511,2,1812,38,3390,1562,17.133818,78.211983,
DJI_0460.MP4,512,2,1809,57,3353,1553,17.133818,78.211983,
DJI_0460.MP4,513,2,1825,30,3404,1562,17.133818,78.211983,
DJI_0460.MP4,514,2,1796,40,3346,1553,17.133818,78.211983,
DJI_0460.MP4,515,2,1852,28,3403,1527,17.133818,78.211983,
DJI_0460.MP4,516,2,1836,23,3426,1557,17.133818,78.211983,
DJI_0460.MP4,517,2,1818,24,3402,1551,17.133818,78.211983,
DJI_0460.MP4,518,2,1815,30,3411,1563,17.133818,78.211983,
DJI_0460.MP4,519,2,1810,24,3436,1589,17.133818,78.211983,
DJI_0460.MP4,520,2,1793,41,3360,1554,17.133818,78.211983,
DJI_0460.MP4,521,2,1803,41,3373,1556,17.133818,78.211983,
DJI_0460.MP4,522,2,1792,38,3377,1569,17.133818,78.211983,
DJI_0460.MP4,523,2,1773,44,3316,1542,17.133818,78.211983,
DJI_0460.MP4,524,2,1743,38,3298,1555,17.133818,78.211983,
DJI_0460.MP4,525,2,1749,36,3281,1541,17.133818,78.211983,
DJI_0460.MP4,526,2,1769,41,3311,1557,17.133818,78.211983,
DJI_0460.MP4,527,2,1770,38,3347,1585,17.133818,78.211983,
DJI_0460.MP4,528,2,1782,38,3344,1567,17.133818,78.211983,
DJI_0460.MP4,529,2,1768,42,3316,1561,17.133818,78.211983,
DJI_0460.MP4,530,2,1781,39,3330,1556,17.133818,78.211983,
DJI_0460.MP4,531,2,1796,37,3310,1514,17.133819,78.211983,
DJI_0460.MP4,532,2,1811,40,3330,1509,17.133819,78.211983,
DJI_0460.MP4,533,2,1800,39,3299,1492,17.133819,78.211983,
DJI_0460.MP4,534,2,1792,41,3308,1510,17.133819,78.211983,
DJI_0460.MP4,535,2,1775,39,3323,1546,17.133819,78.211983,
DJI_0460.MP4,536,2,1773,37,3294,1520,17.133819,78.211983,
DJI_0460.MP4,537,2,1781,43,3294,1517,17.133819,78.211983,
DJI_0460.MP4,538,2,1730,36,3287,1559,17.133819,78.211983,
DJI_0460.MP4,539,2,1737,33,3316,1575,17.133819,78.211983,
DJI_0460.MP4,540,2,1712,39,3274,1557,17.133819,78.211983,
DJI_0460.MP4,541,2,1701,37,3253,1541,17.133819,78.211983,
DJI_0460.MP4,542,2,1743,47,3277,1515,17.133819,78.211983,
DJI_0460.MP4,543,2,1745,33,3299,1517,17.133819,78.211984,
DJI_0460.MP4,544,2,1730,33,3299,1531,17.133819,78.211984,
DJI_0460.MP4,545,2,1706,31,3295,1549,17.133819,78.211984,
DJI_0460.MP4,546,2,1700,41,3287,1561,17.133819,78.211984,
DJI_0460.MP4,547,2,1670,40,3269,1568,17.133819,78.211984,
DJI_0460.MP4,548,2,1662,34,3268,1563,17.133819,78.211984,
DJI_0460.MP4,549,2,1696,37,3293,1557,17.133819,78.211984,
DJI_0460.MP4,550,2,1703,32,3295,1538,17.133819,78.211984,
DJI_0460.MP4,551,2,1668,37,3249,1532,17.133819,78.211984,
DJI_0460.MP4,552,2,1648,35,3242,1551,17.133819,78.211984,
DJI_0460.MP4,553,2,1638,32,3233,1558,17.133819,78.211984,
DJI_0460.MP4,554,2,1653,25,3219,1522,17.133819,78.211984,
DJI_0460.MP4,555,2,1676,25,3251,1527,17.133819,78.211984,
DJI_0460.MP4,556,2,1684,25,3272,1532,17.133819,78.211984,
DJI_0460.MP4,557,2,1651,21,3241,1534,17.133819,78.211984,
DJI_0460.MP4,558,2,1667,22,3242,1517,17.133819,78.211984,
DJI_0460.MP4,559,2,1651,27,3228,1525,17.133819,78.211984,
DJI_0460.MP4,560,2,1651,42,3247,1559,17.133819,78.211984,
DJI_0460.MP4,561,2,1671,39,3245,1536,17.13382,78.211984,
DJI_0460.MP4,562,2,1669,33,3239,1526,17.13382,78.211984,
DJI_0460.MP4,563,2,1668,31,3228,1513,17.13382,78.211984,
DJI_0460.MP4,564,2,1636,41,3194,1529,17.13382,78.211984,
DJI_0460.MP4,565,2,1658,37,3218,1522,17.13382,78.211984,
DJI_0460.MP4,566,2,1654,38,3224,1527,17.13382,78.211984,
DJI_0460.MP4,567,2,1621,43,3177,1523,17.13382,78.211984,
DJI_0460.MP4,568,2,1623,59,3174,1533,17.13382,78.211984,
DJI_0460.MP4,569,2,1626,43,3183,1524,17.13382,78.211984,
DJI_0460.MP4,570,2,1628,41,3193,1533,17.13382,78.211984,
DJI_0460.MP4,571,2,1626,39,3176,1522,17.13382,78.211984,
DJI_0460.MP4,572,2,1623,39,3166,1525,17.13382,78.211984,
DJI_0460.MP4,573,2,1628,34,3175,1536,17.13382,78.211984,
DJI_0460.MP4,574,2,1631,44,3174,1553,17.13382,78.211984,
DJI_0460.MP4,575,2,1664,77,3170,1550,17.13382,78.211984,
DJI_0460.MP4,576,2,1715,137,3152,1536,17.13382,78.211984,
DJI_0460.MP4,577,2,1697,77,3186,1531,17.13382,78.211984,
DJI_0460.MP4,578,2,1715,76,3191,1514,17.13382,78.211984,
DJI_0460.MP4,579,2,1716,70,3190,1504,17.13382,78.211984,
DJI_0460.MP4,580,2,1700,65,3186,1509,17.13382,78.211984,
DJI_0460.MP4,581,2,1707,70,3195,1508,17.13382,78.211984,
DJI_0460.MP4,582,2,1704,52,3202,1498,17.13382,78.211984,
DJI_0460.MP4,583,2,1688,57,3193,1511,17.13382,78.211984,
DJI_0460.MP4,584,2,1671,47,3218,1546,17.13382,78.211984,
DJI_0460.MP4,585,2,1652,35,3232,1572,17.13382,78.211984,
DJI_0460.MP4,586,2,1658,29,3223,1554,17.13382,78.211984,
DJI_0460.MP4,587,2,1661,28,3212,1537,17.13382,78.211984,
DJI_0460.MP4,588,2,1643,33,3189,1542,17.13382,78.211984,
DJI_0460.MP4,589,2,1634,39,3178,1551,17.13382,78.211984,
DJI_0460.MP4,590,2,1648,40,3201,1565,17.13382,78.211984,
DJI_0460.MP4,591,2,1662,51,3227,1591,17.13382,78.211984,
DJI_0460.MP4,592,2,1675,42,3202,1546,17.13382,78.211984,
DJI_0460.MP4,593,2,1652,42,3174,1543,17.13382,78.211984,
DJI_0460.MP4,594,2,1643,84,3123,1551,17.13382,78.211984,
DJI_0460.MP4,595,2,1675,48,3193,1545,17.13382,78.211984,
DJI_0460.MP4,596,2,1661,29,3210,1554,17.13382,78.211984,
DJI_0460.MP4,597,2,1652,58,3167,1558,17.13382,78.211983,
DJI_0460.MP4,598,2,1644,43,3165,1544,17.13382,78.211983,
DJI_0460.MP4,599,2,1634,30,3217,1592,17.13382,78.211983,
DJI_0460.MP4,600,2,1630,23,3225,1592,17.13382,78.211983,
DJI_0460.MP4,601,2,1646,24,3246,1598,17.13382,78.211983,
DJI_0460.MP4,602,2,1643,25,3216,1563,17.13382,78.211983,
DJI_0460.MP4,603,2,1621,23,3268,1647,17.13382,78.211983,
DJI_0460.MP4,604,2,1617,27,3237,1616,17.13382,78.211983,
DJI_0460.MP4,605,2,1615,24,3263,1641,17.13382,78.211983,
DJI_0460.MP4,606,2,1627,24,3292,1659,17.13382,78.211983,
DJI_0460.MP4,607,2,1626,27,3270,1641,17.13382,78.211983,
DJI_0460.MP4,608,2,1631,27,3299,1666,17.13382,78.211983,
DJI_0460.MP4,609,2,1632,25,3300,1666,17.13382,78.211983,
DJI_0460.MP4,610,2,1595,45,3297,1726,17.13382,78.211983,
DJI_0460.MP4,611,2,1616,57,3288,1707,17.13382,78.211983,
DJI_0460.MP4,612,2,1630,49,3299,1701,17.13382,78.211983,
DJI_0460.MP4,613,2,1622,65,3290,1717,17.13382,78.211983,
DJI_0460.MP4,614,2,1623,61,3290,1708,17.13382,78.211983,
DJI_0460.MP4,615,2,1578,50,3284,1735,17.133821,78.211982,
DJI_0460.MP4,616,2,1566,70,3292,1780,17.133821,78.211982,
DJI_0460.MP4,617,2,1557,79,3264,1775,17.133821,78.211982,
DJI_0460.MP4,618,2,1556,80,3267,1789,17.133821,78.211982,
DJI_0460.MP4,619,2,1561,60,3298,1812,17.133821,78.211982,
DJI_0460.MP4,620,2,1573,61,3297,1799,17.133821,78.211982,
DJI_0460.MP4,621,2,1593,122,3268,1808,17.133821,78.211982,
DJI_0460.MP4,622,2,1586,90,3297,1805,17.133821,78.211982,
DJI_0460.MP4,623,2,1628,138,3309,1819,17.133821,78.211982,
DJI_0460.MP4,624,2,1584,91,3300,1790,17.133821,78.211982,
DJI_0460.MP4,625,2,1559,79,3316,1822,17.133821,78.211982,
DJI_0460.MP4,626,2,1573,69,3360,1856,17.133821,78.211982,
DJI_0460.MP4,627,2,1571,112,3298,1844,17.133821,78.211981,
DJI_0460.MP4,628,2,1573,153,3300,1886,17.133821,78.211981,
DJI_0460.MP4,629,2,1655,316,3223,1874,17.133821,78.211981,
DJI_0460.MP4,630,2,1591,210,3255,1873,17.133821,78.211981,
DJI_0460.MP4,631,2,1676,345,3235,1882,17.133821,78.211981,
DJI_0460.MP4,632,2,1731,431,3241,1900,17.133821,78.211981,
DJI_0460.MP4,633,2,1701,424,3287,1966,17.133821,78.211981,
DJI_0460.MP4,634,2,1677,461,3227,1961,17.133821,78.211981,
DJI_0460.MP4,635,2,1691,477,3236,1971,17.133821,78.211981,
DJI_0460.MP4,636,2,1675,465,3262,1992,17.133821,78.211981,
DJI_0460.MP4,637,2,1649,464,3246,2010,17.133821,78.211981,
DJI_0460.MP4,638,2,1641,478,3248,2022,17.133821,78.211981,
DJI_0460.MP4,639,2,1645,534,3193,2022,17.133821,78.21198,
DJI_0460.MP4,640,2,1645,493,3206,1981,17.133821,78.21198,
DJI_0460.MP4,671,2,1856,1091,3063,2145,17.133823,78.211975,
DJI_0460.MP4,672,2,1732,1110,2883,2150,17.133823,78.211975,
DJI_0460.MP4,673,2,1816,1142,3029,2151,17.133823,78.211975,
DJI_0460.MP4,674,2,1764,1168,2957,2151,17.133823,78.211975,
DJI_0460.MP4,675,2,1817,1165,3054,2154,17.133823,78.211973,
DJI_0460.MP4,676,2,1800,1171,3049,2154,17.133823,78.211973,
DJI_0460.MP4,677,2,1728,1192,2942,2153,17.133823,78.211973,
DJI_0460.MP4,678,2,1772,1197,3009,2158,17.133823,78.211973,
DJI_0460.MP4,679,2,1720,1207,2950,2160,17.133823,78.211973,
DJI_0460.MP4,680,2,1687,1234,2873,2151,17.133823,78.211973,
DJI_0460.MP4,684,2,1661,1268,2792,2155,17.133823,78.211972,
DJI_0460.MP4,685,2,1684,1303,2777,2154,17.133823,78.211972,
DJI_0460.MP4,686,2,1688,1298,2776,2153,17.133823,78.211972,
DJI_0460.MP4,687,2,1689,1323,2744,2149,17.133824,78.211971,
DJI_0460.MP4,688,2,1728,1349,2751,2146,17.133824,78.211971,
DJI_0460.MP4,789,3,696,31,1526,1066,17.133833,78.211944,outputFolder/unique_images/plant_3_lon_78.211944_lat_17.133833.jpg
DJI_0460.MP4,790,3,674,32,1540,1116,17.133833,78.211944,
DJI_0460.MP4,791,3,637,30,1546,1175,17.133833,78.211944,
DJI_0460.MP4,792,3,642,25,1537,1159,17.133833,78.211944,
DJI_0460.MP4,795,3,1175,4,2186,1190,17.133834,78.211943,
DJI_0460.MP4,796,3,1186,2,2330,1256,17.133834,78.211943,
DJI_0460.MP4,797,3,1161,1,2412,1302,17.133834,78.211943,
DJI_0460.MP4,798,3,1134,1,2467,1315,17.133834,78.211943,
DJI_0460.MP4,799,3,1119,1,2548,1353,17.133834,78.211943,
DJI_0460.MP4,800,3,1074,16,2587,1395,17.133834,78.211943,
DJI_0460.MP4,801,3,1152,10,2715,1420,17.133834,78.211941,
DJI_0460.MP4,802,3,1054,12,2697,1458,17.133834,78.211941,
DJI_0460.MP4,803,3,1011,7,2720,1485,17.133834,78.211941,
DJI_0460.MP4,804,3,991,3,2746,1507,17.133834,78.211941,
DJI_0460.MP4,805,3,1007,16,2785,1527,17.133834,78.211941,
DJI_0460.MP4,806,3,975,25,2851,1621,17.133834,78.211941,
DJI_0460.MP4,807,3,945,26,2880,1675,17.133835,78.21194,
DJI_0460.MP4,808,3,947,21,2927,1708,17.133835,78.21194,
DJI_0460.MP4,809,3,865,18,2956,1799,17.133835,78.21194,
DJI_0460.MP4,810,3,867,15,3037,1877,17.133835,78.21194,
DJI_0460.MP4,811,3,865,21,3061,1919,17.133835,78.21194,
DJI_0460.MP4,812,3,854,27,3056,1943,17.133835,78.21194,
DJI_0460.MP4,813,3,842,33,3046,1965,17.133836,78.211939,
DJI_0460.MP4,814,3,843,32,3045,1981,17.133836,78.211939,
DJI_0460.MP4,815,3,835,35,3069,2036,17.133836,78.211939,
DJI_0460.MP4,816,3,829,37,3082,2077,17.133836,78.211939,
DJI_0460.MP4,817,3,796,33,3066,2114,17.133836,78.211939,
DJI_0460.MP4,818,3,797,39,3041,2127,17.133836,78.211939,
DJI_0460.MP4,819,3,807,44,3026,2138,17.133836,78.211938,
DJI_0460.MP4,820,3,765,46,2969,2138,17.133836,78.211938,
DJI_0460.MP4,821,3,743,45,2942,2145,17.133836,78.211938,
DJI_0460.MP4,822,3,727,31,2916,2134,17.133836,78.211938,
DJI_0460.MP4,823,3,742,19,2946,2152,17.133836,78.211938,
DJI_0460.MP4,824,3,722,25,2901,2150,17.133836,78.211938,
DJI_0460.MP4,825,3,722,37,2877,2156,17.133836,78.211937,
DJI_0460.MP4,826,3,740,51,2871,2158,17.133836,78.211937,
DJI_0460.MP4,827,3,719,48,2846,2160,17.133836,78.211937,
DJI_0460.MP4,828,3,681,49,2795,2160,17.133836,78.211937,
DJI_0460.MP4,829,3,698,41,2816,2160,17.133836,78.211937,
DJI_0460.MP4,830,3,706,51,2804,2160,17.133836,78.211937,
DJI_0460.MP4,831,3,718,60,2800,2160,17.133836,78.211937,
DJI_0460.MP4,832,3,694,58,2768,2160,17.133836,78.211937,
DJI_0460.MP4,833,3,680,62,2742,2160,17.133836,78.211937,
DJI_0460.MP4,834,3,714,63,2772,2160,17.133836,78.211937,
DJI_0460.MP4,835,3,719,65,2774,2160,17.133836,78.211937,
DJI_0460.MP4,836,3,718,53,2776,2158,17.133836,78.211937,
DJI_0460.MP4,837,3,729,51,2785,2156,17.133836,78.211936,
DJI_0460.MP4,838,3,739,81,2766,2157,17.133836,78.211936,
DJI_0460.MP4,839,3,751,79,2775,2154,17.133836,78.211936,
DJI_0460.MP4,840,3,754,74,2781,2155,17.133836,78.211936,
DJI_0460.MP4,841,3,771,92,2784,2157,17.133836,78.211936,
DJI_0460.MP4,842,3,785,103,2787,2157,17.133836,78.211936,
DJI_0460.MP4,843,3,768,83,2793,2158,17.133836,78.211936,
DJI_0460.MP4,844,3,753,74,2782,2154,17.133836,78.211936,
DJI_0460.MP4,845,3,755,93,2767,2155,17.133836,78.211936,
DJI_0460.MP4,846,3,752,102,2759,2155,17.133836,78.211936,
DJI_0460.MP4,847,3,750,99,2757,2155,17.133836,78.211936,
DJI_0460.MP4,848,3,753,96,2762,2151,17.133836,78.211936,
DJI_0460.MP4,849,3,758,104,2765,2152,17.133836,78.211936,
DJI_0460.MP4,850,3,763,123,2757,2153,17.133836,78.211936,
DJI_0460.MP4,851,3,764,124,2758,2150,17.133836,78.211936,
DJI_0460.MP4,852,3,769,140,2753,2150,17.133836,78.211936,
DJI_0460.MP4,853,3,751,138,2744,2148,17.133836,78.211936,
DJI_0460.MP4,854,3,740,119,2751,2144,17.133836,78.211936,
DJI_0460.MP4,855,3,717,113,2735,2145,17.133836,78.211936,
DJI_0460.MP4,856,3,729,142,2728,2146,17.133836,78.211936,
DJI_0460.MP4,857,3,699,143,2703,2149,17.133836,78.211936,
DJI_0460.MP4,858,3,691,141,2697,2149,17.133836,78.211936,
DJI_0460.MP4,859,3,687,137,2695,2145,17.133836,78.211936,
DJI_0460.MP4,860,3,696,140,2706,2145,17.133836,78.211936,
DJI_0460.MP4,861,3,720,159,2714,2145,17.133836,78.211935,
DJI_0460.MP4,862,3,723,158,2722,2148,17.133836,78.211935,
DJI_0460.MP4,863,3,725,153,2726,2146,17.133836,78.211935,
DJI_0460.MP4,864,3,719,161,2717,2146,17.133836,78.211935,
DJI_0460.MP4,865,3,717,164,2714,2144,17.133836,78.211935,
DJI_0460.MP4,866,3,711,159,2718,2145,17.133836,78.211935,
DJI_0460.MP4,867,3,690,143,2714,2145,17.133836,78.211935,
DJI_0460.MP4,868,3,704,154,2710,2141,17.133836,78.211935,
DJI_0460.MP4,869,3,693,145,2711,2142,17.133836,78.211935,
DJI_0460.MP4,870,3,691,144,2716,2142,17.133836,78.211935,
DJI_0460.MP4,871,3,692,157,2711,2142,17.133836,78.211935,
DJI_0460.MP4,872,3,675,160,2697,2143,17.133836,78.211935,
DJI_0460.MP4,873,3,663,161,2690,2143,17.133836,78.211935,
DJI_0460.MP4,874,3,668,162,2697,2143,17.133836,78.211935,
DJI_0460.MP4,875,3,679,176,2697,2142,17.133836,78.211935,
DJI_0460.MP4,876,3,682,184,2699,2143,17.133836,78.211935,
DJI_0460.MP4,877,3,674,185,2696,2143,17.133836,78.211935,
DJI_0460.MP4,878,3,665,181,2700,2145,17.133836,78.211935,
DJI_0460.MP4,879,3,655,177,2697,2144,17.133836,78.211935,
DJI_0460.MP4,880,3,655,183,2694,2144,17.133836,78.211935,
DJI_0460.MP4,881,3,661,197,2688,2143,17.133836,78.211935,
DJI_0460.MP4,882,3,653,186,2692,2144,17.133836,78.211935,
DJI_0460.MP4,883,3,660,179,2703,2144,17.133836,78.211935,
DJI_0460.MP4,884,3,666,181,2708,2145,17.133836,78.211935,
DJI_0460.MP4,885,3,677,185,2713,2146,17.133836,78.211935,
DJI_0460.MP4,886,3,669,195,2698,2145,17.133836,78.211935,
DJI_0460.MP4,887,3,668,196,2698,2145,17.133836,78.211935,
DJI_0460.MP4,888,3,650,178,2703,2148,17.133836,78.211935,
DJI_0460.MP4,889,3,638,163,2707,2149,17.133836,78.211935,
DJI_0460.MP4,890,3,627,154,2703,2146,17.133836,78.211935,
DJI_0460.MP4,891,3,633,175,2690,2145,17.133836,78.211935,
DJI_0460.MP4,892,3,619,155,2697,2146,17.133836,78.211935,
DJI_0460.MP4,893,3,615,141,2704,2146,17.133836,78.211935,
DJI_0460.MP4,894,3,617,154,2694,2145,17.133836,78.211935,
DJI_0460.MP4,895,3,628,174,2687,2144,17.133836,78.211935,
DJI_0460.MP4,896,3,624,154,2704,2144,17.133836,78.211935,
DJI_0460.MP4,897,3,622,152,2701,2142,17.133836,78.211935,
DJI_0460.MP4,898,3,606,145,2697,2152,17.133836,78.211935,
DJI_0460.MP4,899,3,618,145,2695,2145,17.133836,78.211935,
DJI_0460.MP4,900,3,614,142,2688,2144,17.133836,78.211935,
DJI_0460.MP4,901,3,619,145,2689,2144,17.133836,78.211935,
DJI_0460.MP4,902,3,632,148,2696,2142,17.133836,78.211935,
DJI_0460.MP4,903,3,625,129,2702,2141,17.133836,78.211935,
DJI_0460.MP4,904,3,634,120,2713,2140,17.133836,78.211935,
DJI_0460.MP4,905,3,651,135,2711,2140,17.133836,78.211935,
DJI_0460.MP4,906,3,656,151,2699,2140,17.133836,78.211935,
DJI_0460.MP4,907,3,664,173,2688,2141,17.133836,78.211935,
DJI_0460.MP4,908,3,667,181,2680,2141,17.133836,78.211935,
DJI_0460.MP4,909,3,663,195,2665,2142,17.133836,78.211935,
DJI_0460.MP4,910,3,625,177,2659,2153,17.133836,78.211935,
DJI_0460.MP4,911,3,629,172,2658,2147,17.133836,78.211935,
DJI_0460.MP4,912,3,632,189,2643,2146,17.133836,78.211935,
DJI_0460.MP4,913,3,665,212,2652,2144,17.133836,78.211935,
DJI_0460.MP4,914,3,681,244,2643,2145,17.133836,78.211935,
DJI_0460.MP4,915,3,665,222,2654,2143,17.133836,78.211935,
DJI_0460.MP4,916,3,646,204,2655,2143,17.133836,78.211935,
DJI_0460.MP4,917,3,645,187,2672,2142,17.133836,78.211935,
DJI_0460.MP4,918,3,636,202,2659,2149,17.133836,78.211935,
DJI_0460.MP4,919,3,629,197,2661,2147,17.133836,78.211935,
DJI_0460.MP4,920,3,641,222,2655,2144,17.133836,78.211935,
DJI_0460.MP4,921,3,625,195,2670,2143,17.133836,78.211935,
DJI_0460.MP4,922,3,610,182,2668,2145,17.133836,78.211935,
DJI_0460.MP4,923,3,621,181,2678,2146,17.133836,78.211935,
DJI_0460.MP4,924,3,627,194,2675,2145,17.133836,78.211935,
DJI_0460.MP4,925,3,612,197,2660,2150,17.133836,78.211935,
DJI_0460.MP4,926,3,620,219,2646,2147,17.133836,78.211935,
DJI_0460.MP4,927,3,650,259,2638,2146,17.133836,78.211935,
DJI_0460.MP4,928,3,646,263,2635,2150,17.133837,78.211935,
DJI_0460.MP4,929,3,639,257,2634,2148,17.133837,78.211935,
DJI_0460.MP4,930,3,653,266,2637,2146,17.133837,78.211935,
DJI_0460.MP4,931,3,639,265,2628,2148,17.133837,78.211935,
DJI_0460.MP4,932,3,645,266,2632,2149,17.133837,78.211935,
DJI_0460.MP4,933,3,630,272,2619,2156,17.133837,78.211935,
DJI_0460.MP4,934,3,623,268,2614,2154,17.133837,78.211935,
DJI_0460.MP4,935,3,660,288,2624,2144,17.133837,78.211935,
DJI_0460.MP4,936,3,673,291,2633,2140,17.133837,78.211935,
DJI_0460.MP4,937,3,694,304,2640,2136,17.133837,78.211935,
DJI_0460.MP4,938,3,697,316,2639,2136,17.133837,78.211935,
DJI_0460.MP4,939,3,653,319,2598,2139,17.133837,78.211935,
DJI_0460.MP4,940,3,650,342,2583,2148,17.133837,78.211935,
DJI_0460.MP4,941,3,643,340,2594,2154,17.133837,78.211935,
DJI_0460.MP4,942,3,639,328,2607,2148,17.133837,78.211935,
DJI_0460.MP4,943,3,641,349,2602,2155,17.133837,78.211935,
DJI_0460.MP4,944,3,636,369,2588,2155,17.133837,78.211935,
DJI_0460.MP4,945,3,643,385,2590,2158,17.133837,78.211935,
DJI_0460.MP4,946,3,628,390,2579,2159,17.133837,78.211934,
DJI_0460.MP4,947,3,610,383,2566,2150,17.133837,78.211934,
DJI_0460.MP4,948,3,608,394,2569,2156,17.133837,78.211934,
DJI_0460.MP4,949,3,630,410,2579,2159,17.133837,78.211934,
DJI_0460.MP4,950,3,615,425,2558,2159,17.133837,78.211934,
DJI_0460.MP4,951,3,562,429,2509,2160,17.133837,78.211934,
DJI_0460.MP4,952,3,531,419,2498,2160,17.133838,78.211934,
DJI_0460.MP4,953,3,517,442,2474,2160,17.133838,78.211934,
DJI_0460.MP4,954,3,532,459,2480,2159,17.133838,78.211934,
DJI_0460.MP4,955,3,542,470,2487,2159,17.133838,78.211934,
DJI_0460.MP4,956,3,566,496,2493,2160,17.133838,78.211934,
DJI_0460.MP4,957,3,577,525,2491,2160,17.133838,78.211934,
DJI_0460.MP4,958,3,545,527,2479,2160,17.133838,78.211934,
DJI_0460.MP4,959,3,536,547,2472,2160,17.133838,78.211934,
DJI_0460.MP4,960,3,528,554,2482,2160,17.133838,78.211934,
DJI_0460.MP4,961,3,528,567,2491,2160,17.133838,78.211934,
DJI_0460.MP4,962,3,538,603,2487,2160,17.133838,78.211934,
DJI_0460.MP4,963,3,535,610,2500,2160,17.133838,78.211934,
DJI_0460.MP4,964,3,523,600,2524,2160,17.133838,78.211933,
DJI_0460.MP4,965,3,526,607,2543,2160,17.133838,78.211933,
DJI_0460.MP4,966,3,517,622,2533,2153,17.133838,78.211933,
DJI_0460.MP4,967,3,491,645,2499,2157,17.133838,78.211933,
DJI_0460.MP4,968,3,491,675,2475,2154,17.133838,78.211933,
DJI_0460.MP4,969,3,513,692,2491,2150,17.133838,78.211933,
DJI_0460.MP4,970,3,506,709,2483,2153,17.133839,78.211933,
DJI_0460.MP4,971,3,505,713,2499,2153,17.133839,78.211933,
DJI_0460.MP4,972,3,503,731,2495,2155,17.133839,78.211933,
DJI_0460.MP4,973,3,516,763,2496,2155,17.133839,78.211933,
DJI_0460.MP4,974,3,506,772,2503,2155,17.133839,78.211933,
DJI_0460.MP4,975,3,518,789,2516,2154,17.133839,78.211933,
DJI_0460.MP4,976,3,516,811,2495,2152,17.133839,78.211932,
DJI_0460.MP4,977,3,487,821,2470,2151,17.133839,78.211932,
DJI_0460.MP4,978,3,475,838,2451,2150,17.133839,78.211932,
DJI_0460.MP4,979,3,439,847,2428,2148,17.133839,78.211932,
DJI_0460.MP4,980,3,401,831,2436,2148,17.133839,78.211932,
DJI_0460.MP4,981,3,442,853,2435,2153,17.133839,78.211932,
DJI_0460.MP4,982,3,431,865,2392,2157,17.133839,78.211932,
DJI_0460.MP4,983,3,517,896,2414,2159,17.133839,78.211932,
DJI_0460.MP4,984,3,532,936,2358,2160,17.133839,78.211932,
DJI_0460.MP4,985,3,453,979,2245,2160,17.133839,78.211932,
DJI_0460.MP4,986,3,431,980,2228,2160,17.133839,78.211932,
DJI_0460.MP4,987,3,376,981,2193,2160,17.133839,78.211932,
DJI_0460.MP4,988,3,485,1052,2210,2160,17.13384,78.211931,
DJI_0460.MP4,989,3,405,1057,2163,2160,17.13384,78.211931,
DJI_0460.MP4,990,3,364,1099,2084,2160,17.13384,78.211931,
DJI_0460.MP4,991,3,422,1101,2112,2154,17.13384,78.211931,
DJI_0460.MP4,992,3,362,1121,2050,2153,17.13384,78.211931,
DJI_0460.MP4,993,3,334,1154,2001,2153,17.13384,78.211931,
DJI_0460.MP4,994,3,314,1172,1985,2150,17.133841,78.211931,
DJI_0460.MP4,995,3,281,1188,1945,2147,17.133841,78.211931,
DJI_0460.MP4,996,3,319,1217,1959,2142,17.133841,78.211931,
DJI_0460.MP4,997,3,524,1257,2106,2143,17.133841,78.211931,
DJI_0460.MP4,998,3,741,1296,2249,2142,17.133841,78.211931,
DJI_0460.MP4,999,3,783,1327,2226,2141,17.133841,78.211931,
DJI_0460.MP4,1000,3,795,1346,2203,2142,17.133841,78.21193,
DJI_0460.MP4,1001,3,786,1359,2178,2144,17.133841,78.21193,
DJI_0460.MP4,1002,3,829,1372,2191,2140,17.133841,78.21193,
DJI_0460.MP4,1003,3,838,1414,2143,2143,17.133841,78.21193,
DJI_0460.MP4,1004,3,842,1402,2165,2141,17.133841,78.21193,
DJI_0460.MP4,1107,5,197,12,1716,852,17.133853,78.211912,outputFolder/unique_images/plant_5_lon_78.211912_lat_17.133853.jpg
DJI_0460.MP4,1108,5,166,9,1784,908,17.133854,78.211911,
DJI_0460.MP4,1109,5,169,10,1810,925,17.133854,78.211911,
DJI_0460.MP4,1110,5,172,15,1839,951,17.133854,78.211911,
DJI_0460.MP4,1111,5,145,22,1872,1004,17.133854,78.211911,
DJI_0460.MP4,1112,5,85,24,1847,1033,17.133854,78.211911,
DJI_0460.MP4,1113,5,152,25,1922,1059,17.133854,78.211911,
DJI_0460.MP4,1114,5,161,24,1958,1092,17.133855,78.211909,
DJI_0460.MP4,1115,5,46,17,1886,1120,17.133855,78.211909,
DJI_0460.MP4,1116,5,0,16,1831,1140,17.133855,78.211909,
DJI_0460.MP4,1117,5,0,17,1842,1154,17.133855,78.211909,
DJI_0460.MP4,1118,5,0,22,1848,1164,17.133855,78.211909,
DJI_0460.MP4,1119,5,0,19,1857,1184,17.133855,78.211909,
DJI_0460.MP4,1120,5,0,19,1910,1241,17.133856,78.211908,
DJI_0460.MP4,1121,5,0,22,1913,1247,17.133856,78.211908,
DJI_0460.MP4,1122,5,0,16,1932,1284,17.133856,78.211908,
DJI_0460.MP4,1123,5,0,20,1915,1300,17.133856,78.211908,
DJI_0460.MP4,1124,5,0,21,1912,1335,17.133856,78.211908,
DJI_0460.MP4,1125,5,0,26,1884,1335,17.133856,78.211908,
DJI_0460.MP4,1126,5,0,31,1881,1350,17.133857,78.211907,
DJI_0460.MP4,1127,5,0,35,1880,1356,17.133857,78.211907,
DJI_0460.MP4,1128,5,0,24,1907,1409,17.133857,78.211907,
DJI_0460.MP4,1129,5,0,20,1943,1457,17.133857,78.211907,
DJI_0460.MP4,1130,5,0,15,1964,1494,17.133857,78.211907,
DJI_0460.MP4,1131,5,0,17,1956,1503,17.133857,78.211907,
DJI_0460.MP4,1132,5,0,24,1944,1537,17.133857,78.211905,
DJI_0460.MP4,1133,5,0,41,1982,1606,17.133857,78.211905,
DJI_0460.MP4,1134,5,0,56,1965,1647,17.133857,78.211905,
DJI_0460.MP4,1135,5,0,70,1975,1705,17.133857,78.211905,
DJI_0460.MP4,1136,5,0,71,1954,1733,17.133857,78.211905,
DJI_0460.MP4,1137,5,0,91,1958,1789,17.133857,78.211905,
DJI_0460.MP4,1138,5,0,104,1986,1858,17.133858,78.211904,
DJI_0460.MP4,1139,5,0,151,1948,1889,17.133858,78.211904,
DJI_0460.MP4,1140,5,0,204,1933,1937,17.133858,78.211904,
DJI_0460.MP4,1141,5,0,267,1903,1954,17.133858,78.211904,
DJI_0460.MP4,1142,5,0,245,1905,1993,17.133858,78.211904,
DJI_0460.MP4,1143,5,0,325,1910,2095,17.133858,78.211904,
DJI_0460.MP4,1144,5,0,403,1858,2113,17.133859,78.211903,
DJI_0460.MP4,1145,5,0,441,1849,2139,17.133859,78.211903,
DJI_0460.MP4,1146,5,0,469,1842,2144,17.133859,78.211903,
DJI_0460.MP4,1147,5,0,402,1874,2154,17.133859,78.211903,
DJI_0460.MP4,1148,5,0,456,1830,2160,17.133859,78.211903,
DJI_0460.MP4,1149,5,0,473,1821,2160,17.133859,78.211903,
DJI_0460.MP4,1150,5,0,443,1827,2160,17.13386,78.211902,
DJI_0460.MP4,1151,5,0,401,1833,2160,17.13386,78.211902,
DJI_0460.MP4,1152,5,0,391,1835,2160,17.13386,78.211902,
DJI_0460.MP4,1153,5,0,449,1802,2160,17.13386,78.211902,
DJI_0460.MP4,1154,5,0,434,1804,2160,17.13386,78.211902,
DJI_0460.MP4,1155,5,0,419,1805,2160,17.13386,78.211902,
DJI_0460.MP4,1156,5,0,431,1771,2160,17.13386,78.2119,
DJI_0460.MP4,1157,5,0,430,1760,2160,17.13386,78.2119,
DJI_0460.MP4,1158,5,0,486,1732,2160,17.13386,78.2119,
DJI_0460.MP4,1159,5,0,523,1705,2160,17.13386,78.2119,
DJI_0460.MP4,1160,5,0,548,1690,2160,17.13386,78.2119,
DJI_0460.MP4,1161,5,5,594,1649,2160,17.13386,78.2119,
DJI_0460.MP4,1162,5,0,610,1615,2160,17.133861,78.211899,
DJI_0460.MP4,1163,5,8,624,1619,2160,17.133861,78.211899,
DJI_0460.MP4,1164,5,27,641,1629,2160,17.133861,78.211899,
DJI_0460.MP4,1165,5,30,653,1625,2160,17.133861,78.211899,
DJI_0460.MP4,1166,5,23,659,1615,2160,17.133861,78.211899,
DJI_0460.MP4,1167,5,25,676,1603,2160,17.133861,78.211899,
DJI_0460.MP4,1168,5,46,723,1587,2160,17.133862,78.211898,
DJI_0460.MP4,1169,5,30,780,1512,2160,17.133862,78.211898,
DJI_0460.MP4,1170,5,83,823,1542,2160,17.133862,78.211898,
DJI_0460.MP4,1171,5,103,819,1574,2147,17.133862,78.211898,
DJI_0460.MP4,1172,5,114,833,1582,2143,17.133862,78.211898,
DJI_0460.MP4,1173,5,109,839,1585,2140,17.133862,78.211898,
DJI_0460.MP4,1174,5,114,884,1562,2145,17.133863,78.211897,
DJI_0460.MP4,1175,5,77,928,1482,2144,17.133863,78.211897,
DJI_0460.MP4,1176,5,57,928,1467,2147,17.133863,78.211897,
DJI_0460.MP4,1177,5,78,951,1483,2150,17.133863,78.211897,
DJI_0460.MP4,1178,5,90,1013,1437,2145,17.133863,78.211897,
DJI_0460.MP4,1179,5,101,1050,1422,2145,17.133863,78.211897,
DJI_0460.MP4,1180,5,114,1063,1437,2145,17.133863,78.211896,
DJI_0460.MP4,1181,5,112,1083,1427,2143,17.133863,78.211896,
DJI_0460.MP4,1182,5,134,1116,1432,2142,17.133863,78.211896,
DJI_0460.MP4,1183,5,151,1155,1429,2142,17.133863,78.211896,
DJI_0460.MP4,1184,5,152,1156,1450,2145,17.133863,78.211896,
DJI_0460.MP4,1185,5,171,1210,1429,2145,17.133863,78.211896,
DJI_0460.MP4,1186,5,172,1278,1365,2143,17.133864,78.211894,
DJI_0460.MP4,1187,5,191,1294,1379,2140,17.133864,78.211894,
DJI_0460.MP4,1188,5,202,1312,1362,2126,17.133864,78.211894,
DJI_0460.MP4,1189,5,198,1338,1329,2122,17.133864,78.211894,
